id;name;description;creation_time_stamp;location;user_id
1;utilized;pilot manage breastplate;2025-06-26T06:31:41;including incidentally handsome;1
2;piglet crocodile;aw;2025-06-25T11:54:18;yippee;2
3;anenst blue;frightfully numeric;2025-06-25T20:45:58;garrote;2
4;destock potable;hopelessly;2025-06-25T23:36:42;properly tusk;2
5;well-to-do bank;duh;2025-06-25T15:45:34;absent hovercraft celsius;2
6;gah ha pro;aw when;2025-06-25T17:51:48;since gee;1
7;polarisation oh keenly;wombat following;2025-06-26T03:53:22;scale however yowza;2
8;though;oof;2025-06-25T19:13:45;over freely;1
9;viability whale;soupy;2025-06-25T12:51:32;topsail;1
10;who considering almost;blah offensively;2025-06-25T13:00:49;across and during;2
